user_id,age,region,gender
user_1,64,North,Male
user_2,64,East,Female
user_3,37,West,Male
user_4,32,South,Female
user_5,37,Central,Non-Binary
user_6,22,South,Male
user_7,35,East,Other
user_8,63,North,Non-Binary
user_9,26,Central,Male
user_10,29,North,Non-Binary
user_11,30,North,Non-Binary
user_12,22,Central,Male
user_13,54,Central,Male
user_14,23,Central,Non-Binary
user_15,40,North,Female
user_16,37,West,Other
user_17,18,Central,Other
user_18,20,Central,Male
user_19,36,East,Female
user_20,41,Central,Non-Binary
user_21,64,South,Female
user_22,40,North,Non-Binary
user_23,36,North,Other
user_24,63,South,Non-Binary
user_25,52,South,Male
user_26,53,North,Other
user_27,53,South,Female
user_28,22,West,Female
user_29,62,East,Non-Binary
user_30,28,North,Other
user_31,62,North,Male
user_32,21,South,Male
user_33,64,Central,Male
user_34,26,East,Non-Binary
user_35,33,West,Other
user_36,37,North,Non-Binary
user_37,44,South,Male
user_38,61,East,Female
user_39,30,East,Other
user_40,27,North,Non-Binary
user_41,52,Central,Non-Binary
user_42,19,South,Male
user_43,28,North,Male
user_44,53,South,Other
user_45,53,North,Male
user_46,35,East,Other
user_47,57,Central,Other
user_48,36,Central,Female
user_49,26,North,Female
user_50,31,South,Other
user_51,34,West,Male
user_52,47,North,Male
user_53,19,North,Non-Binary
user_54,27,East,Other
user_55,21,North,Male
user_56,42,West,Other
user_57,64,North,Female
user_58,20,West,Male
user_59,48,North,Non-Binary
user_60,19,West,Male
user_61,60,South,Non-Binary
user_62,36,South,Female
user_63,55,Central,Non-Binary
user_64,58,West,Other
user_65,59,South,Female
user_66,33,North,Non-Binary
user_67,23,Central,Male
user_68,28,South,Other
user_69,42,South,Male
user_70,18,South,Other
user_71,53,South,Other
user_72,44,West,Non-Binary
user_73,42,Central,Non-Binary
user_74,48,Central,Male
user_75,19,North,Other
user_76,51,East,Non-Binary
user_77,26,Central,Other
user_78,46,South,Female
user_79,55,South,Male
user_80,27,North,Male
user_81,19,West,Non-Binary
user_82,42,East,Other
user_83,41,North,Non-Binary
user_84,41,Central,Female
user_85,37,West,Non-Binary
user_86,27,Central,Non-Binary
user_87,47,Central,Non-Binary
user_88,61,East,Female
user_89,36,North,Male
user_90,33,North,Female
user_91,38,Central,Male
user_92,26,East,Female
user_93,57,West,Other
user_94,36,North,Male
user_95,28,Central,Female
user_96,35,Central,Non-Binary
user_97,22,East,Non-Binary
user_98,54,North,Non-Binary
user_99,31,West,Non-Binary
user_100,27,West,Other
user_101,27,North,Other
user_102,24,East,Male
user_103,50,Central,Male
user_104,57,South,Male
user_105,28,East,Female
user_106,35,North,Female
user_107,19,West,Non-Binary
user_108,42,Central,Other
user_109,38,South,Other
user_110,31,North,Non-Binary
user_111,32,West,Non-Binary
user_112,26,South,Male
user_113,20,South,Female
user_114,27,West,Non-Binary
user_115,47,South,Non-Binary
user_116,29,East,Non-Binary
user_117,64,North,Other
user_118,20,West,Male
user_119,42,Central,Female
user_120,24,East,Non-Binary
user_121,63,East,Male
user_122,47,North,Other
user_123,31,North,Other
user_124,56,North,Male
user_125,27,West,Female
user_126,39,West,Non-Binary
user_127,26,North,Other
user_128,48,East,Male
user_129,57,South,Non-Binary
user_130,56,North,Other
user_131,29,North,Female
user_132,53,North,Other
user_133,46,South,Other
user_134,43,North,Other
user_135,26,East,Male
user_136,26,South,Non-Binary
user_137,46,West,Male
user_138,39,Central,Female
user_139,18,West,Male
user_140,23,Central,Other
user_141,61,East,Other
user_142,56,East,Female
user_143,30,West,Male
user_144,45,Central,Non-Binary
user_145,39,West,Non-Binary
user_146,24,West,Female
user_147,26,North,Female
user_148,22,East,Non-Binary
user_149,46,South,Male
user_150,58,West,Male
user_151,52,West,Other
user_152,27,North,Female
user_153,54,West,Other
user_154,51,East,Female
user_155,46,North,Female
user_156,32,West,Female
user_157,32,South,Non-Binary
user_158,49,Central,Male
user_159,47,South,Non-Binary
user_160,24,North,Other
user_161,42,North,Male
user_162,55,South,Male
user_163,55,South,Male
user_164,35,Central,Female
user_165,36,East,Female
user_166,23,North,Male
user_167,41,North,Non-Binary
user_168,29,East,Male
user_169,57,Central,Other
user_170,63,East,Male
user_171,52,South,Female
user_172,64,East,Female
user_173,62,Central,Non-Binary
user_174,46,East,Non-Binary
user_175,44,South,Non-Binary
user_176,39,North,Other
user_177,64,East,Female
user_178,51,Central,Non-Binary
user_179,27,North,Non-Binary
user_180,30,East,Female
user_181,52,East,Male
user_182,64,North,Male
user_183,31,West,Female
user_184,40,North,Non-Binary
user_185,18,North,Female
user_186,28,Central,Non-Binary
user_187,37,West,Non-Binary
user_188,21,South,Female
user_189,40,South,Female
user_190,39,West,Female
user_191,55,Central,Non-Binary
user_192,61,North,Non-Binary
user_193,46,South,Other
user_194,27,Central,Male
user_195,40,North,Other
user_196,41,North,Female
user_197,52,South,Female
user_198,31,East,Non-Binary
user_199,38,North,Non-Binary
user_200,59,West,Other
user_201,44,East,Non-Binary
user_202,37,South,Non-Binary
user_203,54,North,Other
user_204,32,West,Other
user_205,58,Central,Other
user_206,52,North,Male
user_207,25,East,Non-Binary
user_208,34,North,Non-Binary
user_209,59,North,Non-Binary
user_210,52,North,Other
user_211,39,South,Female
user_212,19,South,Male
user_213,47,East,Non-Binary
user_214,28,North,Female
user_215,59,West,Non-Binary
user_216,64,Central,Other
user_217,55,West,Non-Binary
user_218,41,West,Non-Binary
user_219,31,Central,Other
user_220,53,Central,Non-Binary
user_221,64,Central,Female
user_222,39,Central,Other
user_223,25,West,Other
user_224,53,West,Female
user_225,59,North,Non-Binary
user_226,60,North,Non-Binary
user_227,30,West,Other
user_228,63,South,Non-Binary
user_229,32,South,Male
user_230,42,East,Non-Binary
user_231,62,West,Male
user_232,59,Central,Female
user_233,19,Central,Male
user_234,36,North,Other
user_235,31,Central,Male
user_236,21,South,Other
user_237,23,North,Non-Binary
user_238,18,East,Other
user_239,40,South,Other
user_240,51,Central,Female
user_241,36,South,Male
user_242,45,East,Other
user_243,50,West,Female
user_244,26,Central,Female
user_245,34,South,Non-Binary
user_246,60,North,Female
user_247,22,Central,Other
user_248,35,North,Male
user_249,23,Central,Male
user_250,54,South,Female
user_251,54,South,Male
user_252,49,Central,Male
user_253,44,North,Other
user_254,18,South,Male
user_255,55,West,Other
user_256,45,Central,Male
user_257,44,Central,Male
user_258,27,North,Other
user_259,35,South,Female
user_260,58,North,Female
user_261,50,South,Non-Binary
user_262,50,Central,Non-Binary
user_263,27,Central,Male
user_264,26,South,Other
user_265,23,South,Male
user_266,40,Central,Other
user_267,34,North,Female
user_268,38,Central,Non-Binary
user_269,51,South,Male
user_270,23,West,Male
user_271,46,West,Male
user_272,43,East,Non-Binary
user_273,58,North,Other
user_274,57,North,Non-Binary
user_275,56,North,Female
user_276,60,East,Male
user_277,42,East,Non-Binary
user_278,23,Central,Male
user_279,39,Central,Female
user_280,41,East,Other
user_281,58,Central,Male
user_282,52,North,Other
user_283,34,East,Male
user_284,61,East,Male
user_285,51,East,Other
user_286,23,South,Non-Binary
user_287,31,East,Female
user_288,63,North,Male
user_289,35,South,Non-Binary
user_290,26,East,Male
user_291,25,North,Male
user_292,30,West,Male
user_293,61,Central,Female
user_294,56,South,Other
user_295,58,East,Non-Binary
user_296,29,North,Non-Binary
user_297,21,East,Female
user_298,63,East,Non-Binary
user_299,49,West,Non-Binary
user_300,46,East,Non-Binary
user_301,58,North,Non-Binary
user_302,45,North,Male
user_303,62,South,Male
user_304,58,South,Female
user_305,45,Central,Female
user_306,59,Central,Other
user_307,45,South,Male
user_308,38,West,Male
user_309,32,West,Male
user_310,61,Central,Non-Binary
user_311,60,South,Female
user_312,50,North,Female
user_313,44,East,Other
user_314,58,East,Other
user_315,48,West,Female
user_316,33,North,Male
user_317,18,West,Female
user_318,62,North,Non-Binary
user_319,61,North,Non-Binary
user_320,51,Central,Other
user_321,44,South,Non-Binary
user_322,26,North,Female
user_323,38,North,Male
user_324,20,East,Female
user_325,26,Central,Other
user_326,59,Central,Male
user_327,20,Central,Non-Binary
user_328,57,South,Female
user_329,27,West,Female
user_330,26,East,Male
user_331,39,East,Non-Binary
user_332,35,West,Male
user_333,64,South,Male
user_334,44,Central,Female
user_335,40,East,Male
user_336,42,South,Female
user_337,40,Central,Male
user_338,35,West,Female
user_339,33,Central,Female
user_340,43,West,Non-Binary
user_341,59,North,Female
user_342,23,West,Female
user_343,34,Central,Male
user_344,63,East,Male
user_345,56,West,Male
user_346,27,East,Other
user_347,49,West,Other
user_348,25,North,Female
user_349,46,South,Male
user_350,23,North,Male
user_351,40,East,Female
user_352,54,Central,Non-Binary
user_353,29,East,Other
user_354,63,North,Other
user_355,39,East,Male
user_356,25,Central,Male
user_357,23,West,Male
user_358,23,East,Non-Binary
user_359,28,North,Other
user_360,18,Central,Male
user_361,36,South,Non-Binary
user_362,22,Central,Other
user_363,54,East,Male
user_364,28,Central,Male
user_365,37,East,Other
user_366,26,West,Male
user_367,20,South,Non-Binary
user_368,39,South,Other
user_369,52,South,Male
user_370,27,Central,Male
user_371,59,Central,Non-Binary
user_372,21,Central,Other
user_373,39,Central,Male
user_374,27,West,Female
user_375,33,East,Male
user_376,49,North,Female
user_377,55,South,Non-Binary
user_378,39,South,Non-Binary
user_379,52,North,Other
user_380,47,South,Non-Binary
user_381,53,West,Female
user_382,54,Central,Non-Binary
user_383,57,Central,Female
user_384,27,Central,Male
user_385,60,South,Other
user_386,28,East,Female
user_387,51,Central,Non-Binary
user_388,23,East,Female
user_389,43,West,Other
user_390,19,West,Male
user_391,42,West,Female
user_392,40,North,Non-Binary
user_393,29,West,Non-Binary
user_394,54,West,Other
user_395,56,Central,Non-Binary
user_396,21,West,Male
user_397,60,North,Non-Binary
user_398,62,Central,Female
user_399,46,North,Other
user_400,52,East,Other
user_401,62,South,Female
user_402,38,Central,Female
user_403,43,North,Female
user_404,25,East,Non-Binary
user_405,60,South,Female
user_406,28,North,Non-Binary
user_407,19,West,Non-Binary
user_408,28,Central,Male
user_409,57,South,Female
user_410,52,South,Non-Binary
user_411,56,South,Non-Binary
user_412,61,East,Non-Binary
user_413,28,South,Female
user_414,45,East,Non-Binary
user_415,24,West,Non-Binary
user_416,25,Central,Male
user_417,50,East,Non-Binary
user_418,35,Central,Non-Binary
user_419,53,South,Female
user_420,51,North,Non-Binary
user_421,19,West,Male
user_422,30,West,Female
user_423,25,East,Non-Binary
user_424,25,South,Other
user_425,29,East,Male
user_426,62,East,Non-Binary
user_427,35,South,Other
user_428,42,South,Non-Binary
user_429,23,East,Other
user_430,41,North,Other
user_431,42,North,Female
user_432,37,Central,Male
user_433,54,Central,Female
user_434,46,West,Female
user_435,47,East,Other
user_436,31,East,Male
user_437,63,East,Male
user_438,57,West,Non-Binary
user_439,24,West,Male
user_440,44,East,Female
user_441,64,East,Other
user_442,21,Central,Non-Binary
user_443,59,South,Male
user_444,42,Central,Non-Binary
user_445,49,South,Male
user_446,47,Central,Other
user_447,26,South,Female
user_448,52,North,Other
user_449,29,Central,Male
user_450,36,East,Male
user_451,27,North,Male
user_452,55,West,Other
user_453,36,Central,Female
user_454,19,West,Other
user_455,55,South,Other
user_456,31,West,Other
user_457,19,Central,Male
user_458,22,South,Other
user_459,62,East,Other
user_460,55,Central,Non-Binary
user_461,29,West,Other
user_462,30,South,Non-Binary
user_463,62,North,Male
user_464,60,North,Non-Binary
user_465,31,Central,Other
user_466,64,East,Other
user_467,63,West,Non-Binary
user_468,64,South,Male
user_469,59,North,Non-Binary
user_470,44,East,Non-Binary
user_471,49,South,Other
user_472,56,East,Male
user_473,51,West,Non-Binary
user_474,34,West,Other
user_475,62,South,Non-Binary
user_476,59,West,Other
user_477,44,North,Non-Binary
user_478,23,East,Male
user_479,44,North,Non-Binary
user_480,26,North,Female
user_481,50,Central,Non-Binary
user_482,41,East,Male
user_483,43,Central,Male
user_484,55,Central,Male
user_485,62,North,Other
user_486,29,North,Non-Binary
user_487,37,West,Other
user_488,36,West,Other
user_489,40,Central,Female
user_490,37,South,Other
user_491,55,West,Non-Binary
user_492,20,West,Other
user_493,31,West,Non-Binary
user_494,37,East,Female
user_495,42,South,Other
user_496,61,Central,Female
user_497,22,North,Female
user_498,32,South,Non-Binary
user_499,21,East,Non-Binary
user_500,38,North,Other
